Number,Country,Name,Financing,Status,Approval
CO-T1736,Colombia,"Caquetá Native Species Seed Bank","1,251,733",Implementation,"Feb. 16, 2024"
CO-G1052,Colombia,"LAC eCoop - CFA. Green financing pilot to promote community clean energy solutions for productive purposes","402,214",Implementation,"Dec. 6, 2023"
CO-G1053,Colombia,"LAC eCoop - Crediservir. Green financing pilot to promote community clean energy solutions for productive purposes","602,071",Implementation,"Dec. 6, 2023"
CO-L1297,Colombia,"Sunco: Electrifying Development in Dispersed Rural Areas","10,000,000",Implementation,"Nov. 17, 2023"
CO-L1296,Colombia,"Fibrazo: Digital Inclusion - Connecting Neighborhoods in Latin America and the Caribbean","7,000,000",Implementation,"Nov. 3, 2023"
CO-G1050,Colombia,"QUIPU: Promoting Financial Inclusion for Women Microentrepreneurs","1,480,328",Implementation,"Oct. 13, 2023"
CO-T1734,Colombia,"SOCIAL IMPACT BONDS, PHASE II: Scaling Up Results Based Finance Interventions in Peru and Colombia","6,889,880",Implementation,"Sep. 28, 2023"
CO-G1049,Colombia,"QuantilAI: Algorithmic Audit","174,560",Implementation,"Jul. 31, 2023"
CO-G1048,Colombia,"Enhancing the market for biodiversity credits through the implementation of digital tokens under an integrity protocol.","1,000,000",Implementation,"Jun. 9, 2023"
CO-T1730,Colombia,"Enhancing the market for biodiversity credits through the implementation of digital tokens under an integrity protocol","100,000",Implementation,"Jun. 9, 2023"
CO-L1293,Colombia,"AgriCapital: Democratizing Agricultural Lending in Colombia","1,800,000",Implementation,"Apr. 6, 2023"
CO-L1279,Colombia,"ALIATU: Financial Inclusion of Micro and Small Companies in Colombia","11,000,000",Implementation,"Dec. 15, 2022"
CO-T1723,Colombia,"INDII Fund - Indigenous Fund Capitalized By Natural Capital Token In The Colombian Amazon","160,000",Implementation,"Dec. 8, 2022"
CO-T1673,Colombia,"INDII Fund - Indigenous Fund Capitalized By Natural Capital Token In The Colombian Amazon","146,000",Implementation,"May. 13, 2022"
CO-T1653,Colombia,"Impacto Buenaventura: High Potential Local Enterprises","187,500",Implementation,"Jan. 3, 2022"
CO-T1639,Colombia,"Addressing Migration and Value Chains in the Arauca Region","1,706,000",Implementation,"Sep. 24, 2021"
CO-T1632,Colombia,"Civico - Neighborhood Stores: Resilience Through Digitization","1,064,000",Implementation,"Jul. 8, 2021"
CO-T1605,Colombia,"Leticia - Artificial Intelligence and Semantic Data Analysis as a Model for Managing Digital Platforms of the IDB Lab","300,280",Closed,"Mar. 24, 2021"
CO-T1601,Colombia,"Technology and Innovation to Close the Conservation Finance Gap in the Amazon Basin. The Herencia Colombia Pilot","2,497,036",Implementation,"Dec. 18, 2020"
CO-T1600,Colombia,"Remittances and Savings for Financial Inclusion of Venezuelan Migrants","1,000,279",Closed,"Dec. 4, 2020"
CO-T1606,Colombia,"Second Chances Employment Hub","187,500",Closed,"Nov. 20, 2020"
CO-T1594,Colombia,"Ni1 + - Gamechanger Against Gender Violence","187,500",Closed,"Oct. 28, 2020"
CO-G1022,Colombia,"Innovative Financing for Businesses in Low-Income Communities","2,850,000",Implementation,"Sep. 17, 2020"
CO-T1582,Colombia,"Prototype of the Medical Guidance Platform for All","200,000",Closed,"May. 6, 2020"
CO-T1581,Colombia,"InnspiraMed - Ventilators for Critically Ill Patients Infected with COVID-19.","188,000",Closed,"Apr. 14, 2020"
CO-T1546,Colombia,"Strengthening Local Collaborative Economies","195,000",Closed,"Dec. 9, 2019"
CO-T1531,Colombia,"SETP Popayán: Technology Pilot for Fleet Monitoring and Management","125,000",Closed,"Nov. 20, 2019"
CO-T1526,Colombia,"Medellín Disruptors: The Future of Extraordinary Talent","2,000,000",Closed,"Jun. 13, 2019"
CO-L1239,Colombia,"Digital Financial Services in an Ecosystem of Inclusion","7,000,000",Cancelled,"Nov. 26, 2018"
CO-T1489,Colombia,"Digital Financial Services in an Ecosystem of Inclusion","400,000",Closed,"Nov. 26, 2018"
CO-Q0017,Colombia,"E-KAKASHI: The Agriculture AI Brain","4,500,000",Cancelled,"Oct. 25, 2018"
CO-T1483,Colombia,"Antioquia Innovates in HealthTech for the Low-income Population","3,500,000",Closed,"Oct. 25, 2018"
CO-T1488,Colombia,"E-KAKASHI: The Agriculture AI Brain","1,000,000",Closed,"Oct. 25, 2018"
CO-L1253,Colombia,"Equity Investment in SEMPLI: Online Lending Platform for Innovative Startups and Scaleups","3,150,000",Closed,"May. 4, 2018"
CO-T1461,Colombia,"Digital Finance Ecosystem for Small and Medium-Sized Enterprises","3,460,000",Closed,"Dec. 14, 2017"
CO-T1465,Colombia,"IdeasLab Quibdó","300,000",Closed,"Nov. 10, 2017"
CO-T1463,Colombia,"Sustainable Dairy Value Chain in Caquetá","800,000",Closed,"Nov. 5, 2017"
CO-Q0016,Colombia,"Innovative Instruments to Foster Energy Efficiency in SMES in Colombia","3,300,000",Cancelled,"Sep. 13, 2017"
CO-T1462,Colombia,"Innovative Instruments to Foster Energy Efficiency in SMEs in Colombia","2,050,000",Cancelled,"Sep. 13, 2017"
CO-T1458,Colombia,"Credit Rating Technology for Emerging Enterprises","357,400",Closed,"Sep. 12, 2017"
CO-T1436,Colombia,"Implementation of the Habitat Banking Model in Colombia","1,218,800",Closed,"Nov. 28, 2016"
CO-Q0014,Colombia,"Implementation of the Habitat Banking Model in Colombia","760,000",Implementation,"Nov. 28, 2016"
CO-Q0013,Colombia,"Equity Investment in SEMPLI: Online Lending Platform for Innovative Startups and Scaleups","14,500,000",Implementation,"Nov. 2, 2016"
CO-T1437,Colombia,"Equity Investment in SEMPLI: Online platform for financing innovative startups & scaleups","160,000",Cancelled,"Nov. 2, 2016"
CO-T1434,Colombia,"Pay-for-Success Financing for Innovations in Urban Workforce Development","9,974,211",Implementation,"Sep. 21, 2016"
CO-M1100,Colombia,"Revitalizing and Strengthening Entrepreneurship among Low-Income Youth","2,000,000",Closed,"Aug. 4, 2016"
CO-M1098,Colombia,"ECOMICRO - Fundacion Coomeva","405,067",Closed,"Jun. 17, 2016"
CO-M1103,Colombia,"Online System Information Requirements For Non-Tariff For SMEs","700,000",Closed,"Feb. 1, 2016"
CO-S1012,Colombia,"Access to Finance and Entrepreneurial Development in Rural Nariño","900,000",Closed,"Dec. 15, 2015"
CO-X1021,Colombia,"Access to Finance and Entrepreneurial Development in Rural Nariño","370,000",Closed,"Dec. 15, 2015"
CO-S1010,Colombia,"Financing for Coffee Plantation Renewal and Modernization by Women Growers in An","688,421",Closed,"Dec. 15, 2015"
CO-L1179,Colombia,"Financing for Coffee Plantation Renewal and Modernization by Women Growers in An","4,000,000",Closed,"Dec. 15, 2015"
CO-X1022,Colombia,"Social and Business Consolidation of the Association of Women Coffee Growers of","538,520",Closed,"Dec. 14, 2015"
CO-S1011,Colombia,"Social and Business Consolidation of the Association of Women Coffee Growers of","625,000",Closed,"Dec. 14, 2015"
CO-Q0011,Colombia,"Increasing Access to Finance for Small Businesses in Colombia","15,000,000",Cancelled,"Sep. 30, 2015"
CO-M1096,Colombia,"Increasing Access to Finance for Small Businesses in Colombia","570,000",Cancelled,"Sep. 30, 2015"
CO-M1102,Colombia,"Accelerating High-Potential SMEs through Access to Human Capital","680,540",Closed,"Sep. 15, 2015"
CO-M1099,Colombia,"ECOMICRO - Bancamia","370,332",Closed,"May. 11, 2015"
CO-M1089,Colombia,"Competitiveness Enhancement and Business Consolidation of Small Farmers for Illi","8,172,000",Closed,"Jan. 26, 2015"
CO-S1008,Colombia,"Restructuring the Livestock Sector to Achieve Sustainability for Dairy Producers","750,000",Closed,"Dec. 4, 2014"
CO-L1178,Colombia,"Restructuring the Livestock Sector to Achieve Sustainability for Dairy Producers","1,000,000",Closed,"Dec. 4, 2014"
CO-M1082,Colombia,"Developing Business Format Micro-franchising Models for Low Income Populations","2,540,150",Closed,"Jul. 23, 2014"
CO-T1374,Colombia,"New Employment Opportunities for Youth in the Urabá Region - Antioquia (NEO - UR","837,942",Closed,"Mar. 6, 2014"
CO-M1094,Colombia,"New Employment Opportunities for Youth in the Urabá Region - Antioquia (NEO - UR","5,814,508",Closed,"Mar. 6, 2014"
CO-S1007,Colombia,"Financial Inclusion for Microentrepreneur Women in Colombia","335,000",Closed,"Nov. 1, 2013"
CO-L1177,Colombia,"Financial Inclusion for Microentrepreneur Women in Colombia","1,140,000",Closed,"Nov. 1, 2013"
CO-Q0010,Colombia,"Velum Early Stage Fund I","12,572,822",Implementation,"Oct. 23, 2013"
CO-M1093,Colombia,"Velum Early Stage Fund I","455,000",Closed,"Oct. 23, 2013"
CO-T1344,Colombia,"Development of an ESCO Market-Project Preparation Grant","200,000",Closed,"Sep. 16, 2013"
CO-M1084,Colombia,"Promoting Shared Value Business Approaches with Poor and Low-Income Populations","2,721,000",Closed,"Jun. 12, 2013"
CO-M1091,Colombia,"Social Innovation Model for Poverty Alleviation","4,700,000",Closed,"Jan. 30, 2013"
CO-M1088,Colombia,"Recovery of Local Economic Development in Post-conflict Regions","5,023,910",Closed,"Nov. 28, 2012"
CO-M1080,Colombia,"Mobile Saving Accounts for low-income households","1,521,200",Cancelled,"Jul. 6, 2012"
CO-M1085,Colombia,"INCLUSIVE FINANCIAL SERVICES IN A RURAL ECOSYSTEM","1,401,313",Closed,"Jun. 22, 2012"
CO-L1175,Colombia,"New Roads for Rural Microfinance with Nonbank Correspondents","1,340,000",Closed,"Feb. 9, 2012"
CO-S1005,Colombia,"New Roads for Rural Microfinance with Nonbank Correspondents","630,000",Closed,"Feb. 9, 2012"
CO-T1295,Colombia,"SAVINGS PRODUCTS FOR LOW INCOME WOMEN","200,000",Closed,"Feb. 6, 2012"
CO-M1083,Colombia,"Savings Products for Low Income Women","211,000",Closed,"Feb. 6, 2012"
CO-M1059,Colombia,"Development of a Business Formalization Program in Colombia","2,660,000",Closed,"Nov. 28, 2011"
CO-M1079,Colombia,"INCOME GENERATION AND RURAL FINANCE THROUGH COMMUNITY GROUPS","1,576,000",Closed,"Oct. 26, 2011"
CO-T1279,Colombia,"INCOME GENERATION AND RURAL FINANCE THROUGH COMMUNITY GROUPS","1,000,000",Closed,"Oct. 26, 2011"
CO-M1071,Colombia,"Development of the Colombian venture capital industry","1,455,000",Closed,"Sep. 9, 2011"
CO-M1076,Colombia,"Access to early childhood education","1,626,185",Closed,"Jul. 13, 2011"
CO-M1040,Colombia,"Support to Productive and Social Iniciatives trough Temporary Work","1,521,875",Cancelled,"Jul. 1, 2011"
CO-M1077,Colombia,"Inversor Fund","565,000",Closed,"May. 4, 2011"
CO-Q0008,Colombia,"Inversor Fund","9,423,475",Implementation,"May. 4, 2011"
CO-M1072,Colombia,"Strengthening the Fish & Farm Coop of Old Providence","250,000",Closed,"Oct. 7, 2010"
CO-M1058,Colombia,"Support to the Social Financing Program of Empresas Publicas de Medellin","1,708,037",Closed,"Oct. 5, 2010"
CO-M1069,Colombia,"Coffee Trail","1,306,785",Closed,"Sep. 7, 2010"
CO-M1075,Colombia,"¿TURISTIC: A Window on Tolima for the World¿","476,602",Closed,"Jul. 16, 2010"
CO-M1064,Colombia,"Leveraging Angel Investing in Colombia","555,043",Closed,"Jun. 4, 2010"
CO-M1067,Colombia,"Microenterprise productivity improvement througt quality systems NTC 6001","290,500",Closed,"Jan. 1, 2010"
CO-M1066,Colombia,"Cultural Industries in the city of Cartagena de Indias","442,250",Closed,"Dec. 4, 2009"
CO-M1062,Colombia,"Developing Cultural Industries in Popayan and Northern Cauca","1,000,000",Closed,"Nov. 20, 2009"
CO-M1057,Colombia,"Opportunity International Colombia Finance Co. Start Up","100,000",Closed,"Nov. 4, 2009"
CO-Q0007,Colombia,"Opportunity International Colombia Finance Co. Start Up","8,500,000",Closed,"Nov. 4, 2009"
CO-M1060,Colombia,"Making Medellín and Antioquia More Competitive through Linkages with Business Ev","2,431,820",Closed,"Sep. 22, 2009"
CO-M1053,Colombia,"Venture Capital Fund - Progresa Capital","420,000",Closed,"Jul. 22, 2009"
CO-Q0006,Colombia,"Venture Capital Fund - Progresa Capital","19,932,202",Implementation,"Jul. 22, 2009"
CO-M1054,Colombia,"Innovation and competitiveness through Intellectual Property","2,644,476",Closed,"Jul. 22, 2009"
CO-M1052,Colombia,"Development of a Business Model for the Economic Consolidation of the Recyclers","991,873",Closed,"Mar. 24, 2009"
CO-M1056,Colombia,"Innovation&design platform for the textile, apparel and fashion sector in Medell","1,674,200",Closed,"Mar. 24, 2009"
CO-T1203,Colombia,"Develpment of a Business Model for the Economical Consolidation of the Wastepick","836,155",Closed,"Mar. 24, 2009"
CO-M1061,Colombia,"Development of a business model for the economic consolidation of the recyclers","80,000",Cancelled,"Mar. 24, 2009"
CO-M1051,Colombia,"Increasing the Competitiveness of Colombian Coffee","3,337,356",Closed,"Mar. 11, 2009"
CO-M1055,Colombia,"Implementation of ICT in electronic commerce of supplies","887,550",Closed,"Feb. 26, 2009"
CO-Q0005,Colombia,"Support for Entrepreneurs and Mobilization of Capital through Angels Investors","2,000,000",Cancelled,"Feb. 18, 2009"
CO-M1041,Colombia,"Support for Entrepreneurs and Mobilization of Capital through Angels Investors","931,650",Closed,"Feb. 18, 2009"
CO-M1033,Colombia,"Productive insertion work Program for people with disabilities","3,230,000",Closed,"Nov. 26, 2008"
CO-M1035,Colombia,"Transformation of Fundación Mundo Mujer Popayán","1,625,000",Closed,"Nov. 19, 2008"
CO-Q0003,Colombia,"Transformation of Fundación Mundo Mujer Popayán","19,300,000",Cancelled,"Nov. 19, 2008"
CO-M1050,Colombia,"Creation of Sustainable Women-owned Businesses in Colombia","2,041,914",Closed,"Nov. 5, 2008"
CO-Q0004,Colombia,"Colombia Opportunity Fund-Equity Investment Fund for Colombian Smes","30,000,000",Cancelled,"Sep. 23, 2008"
CO-M1039,Colombia,"Colombia Opportunity Fund-Equity Investment Fund for Colombian Smes","452,250",Closed,"Sep. 23, 2008"
CO-T1155,Colombia,"Innovation and Design Platform for the Textile, Apparel, & Fashion Sector","43,500",Closed,"Sep. 4, 2008"
CO-M1045,Colombia,"Strengthening and Formalization of Small Businesses of Corn and Milk","262,765",Closed,"Aug. 1, 2008"
CO-M1049,Colombia,"Cultural Industries as an Engine of Socioeconomic Development for Cali","3,400,000",Closed,"Jul. 23, 2008"
CO-M1044,Colombia,"Entrepreneurial Strengthening and Formalization to 500 Informal Businesses","288,992",Closed,"Jul. 22, 2008"
CO-M1048,Colombia,"Formalization of Small Businesses in the Oriente Antioqueño Region","224,843",Closed,"Jul. 22, 2008"
CO-M1046,Colombia,"Strengthening of Transformation Activities in the Forestry Productive Chain","229,208",Closed,"Jul. 8, 2008"
CO-M1042,Colombia,"Strengthening of a Productive Group ""GSP"" in the Popayán Municipality","259,032",Closed,"Jul. 8, 2008"
CO-M1047,Colombia,"Entrepreneurship Development for Violence Displaced Persons","302,214",Closed,"Jul. 8, 2008"
CO-M1043,Colombia,"Provision of Integral Assistance (Emphasis in Management) to Growing Fish Units","309,320",Closed,"Jul. 8, 2008"
CO-M1038,Colombia,"Promoting Market Opportunities for Clean Energy and Energy Efficiency","1,920,854",Closed,"Jun. 25, 2008"
CO-M1036,Colombia,"Industrial Technologies in Garment and Food Microenterprises","1,500,000",Closed,"Jun. 18, 2008"
CO-M1031,Colombia,"Support MHCP in Identification & Selection of Public Private Partnership Project","814,487",Closed,"May. 19, 2008"
CO-M1024,Colombia,"Promoting the Innovative Use and Industrial Development of Guadua","1,590,000",Closed,"Nov. 26, 2007"
CO-T1064,Colombia,"Expansion of Locally-Managed Microcredit Funds to Mitigate Rural Poverty","500,000",Closed,"Oct. 25, 2007"
CO-M1026,Colombia,"Comprehensive SME Support Program for Access to U.S. Market","1,479,000",Closed,"Jul. 25, 2007"
CO-M1027,Colombia,"Creation New Microfinance Institutions to Increase Access to Microentrepreneurs","4,021,000",Closed,"Jun. 27, 2007"
CO-Q0002,Colombia,"Creation New Microfinance Institutions to Increase Access to Microentrepreneurs","24,000,000",Closed,"Jun. 27, 2007"
CO-M1029,Colombia,"E-Commerce for SME located in Medellin Vulnerable Areas","438,053",Closed,"Jun. 5, 2007"
CO-M1025,Colombia,"Strengt. Business & Agroindustrial Capacity of Alternative Development Producers","2,860,000",Closed,"May. 23, 2007"
CO-S1001,Colombia,"Program for Corporate Social Responsibility Projects","1,350,000",Closed,"Dec. 5, 2006"
CO-L1174,Colombia,"Program for Corporate Social Responsibility Projects","200,000",Closed,"Dec. 5, 2006"
CO-M1022,Colombia,"The Role of Remittances in the Development of Low-Income Housing Market","2,925,000",Closed,"Nov. 15, 2006"
CO-T1028,Colombia,"SME Portfolio Securitizacion Market Development in Colombia","175,168",Closed,"Jan. 30, 2006"
CO-M1018,Colombia,"Business Development for Shopkeepers in Cartagena","580,870",Closed,"Jan. 27, 2006"
CO-M1004,Colombia,"Public-Private Partnership Program in IIRSA","690,000",Closed,"Dec. 21, 2005"
CO-M1019,Colombia,"Stimulate Private Capital Investment in Technology-Based Companies","654,991",Closed,"Dec. 16, 2005"
CO-M1021,Colombia,"Catalayzing the Growth of Programa Emprendedor","295,000",Cancelled,"Dec. 15, 2005"
CO-M1006,Colombia,"Strengthening the Quality of Fruit and Vegetable Exports","1,356,000",Closed,"Dec. 7, 2005"
CO-M1012,Colombia,"Rural Tourism Development in ""Territorio Paraíso","1,400,000",Closed,"Dec. 7, 2005"
CO-M1016,Colombia,"Growing MSMEs in Colombia through Franchising","2,384,117",Closed,"Nov. 30, 2005"
CO-M1017,Colombia,"Positioning of New Companies in the Capital Market","1,325,000",Closed,"Oct. 12, 2005"
CO-M1013,Colombia,"Standarization and Normalization of Panela Industry in the Rio Suárez Region","207,300",Closed,"May. 25, 2005"
CO-M1014,Colombia,"Commercial Linkages Between Food Microenterprises and Large Supermarkets","231,000",Closed,"May. 25, 2005"
CO-M1015,Colombia,"Development of SME Suppliers Cluster with Large Petroquimical Companies","276,185",Closed,"May. 25, 2005"
CO-L1171,Colombia,"Expansion Financial Services Coverage to SMEs through Microfinance Ins. WWB","820,000",Closed,"Dec. 8, 2004"
CO-M1009,Colombia,"Expansion Financial Services Coverage to SMEs through Microfinance Ins. WWB","181,000",Closed,"Dec. 8, 2004"
CO-L1172,Colombia,"Expansion Financial Services Coverage to SMEs through Microfinance Ins. WWB","820,000",Closed,"Dec. 8, 2004"
CO-M1010,Colombia,"Expansion Financial Services Coverage to SMEs through Microfinance Ins. WWB","184,000",Closed,"Dec. 8, 2004"
CO-L1169,Colombia,"Expansion Financial Services Coverage to SMEs through Microfinance Ins. WWB","1,900,000",Closed,"Dec. 8, 2004"
CO-L1173,Colombia,"Expansion Financial Services Coverage to SMEs through Microfinance Ins. WWB","820,000",Closed,"Dec. 8, 2004"
CO-M1007,Colombia,"Expansion Financial Services Coverage to SMEs through Microfinance Ins. WWB","133,500",Closed,"Dec. 8, 2004"
CO-M1011,Colombia,"Expansion Financial Services Coverage to SMEs through Microfinance Ins. WWB","169,000",Closed,"Dec. 8, 2004"
CO-L1170,Colombia,"Expansion Financial Services Coverage to SMEs through Microfinance Ins. WWB","1,900,000",Closed,"Dec. 8, 2004"
CO-M1008,Colombia,"Expansion Financial Services Coverage to SMEs through Microfinance Ins. WWB","97,500",Closed,"Dec. 8, 2004"
CO-M1003,Colombia,"Program to Institute Corporate Social Responsabilty Practices in PYMES","1,900,000",Closed,"Dec. 1, 2004"
TC0305015,Colombia,"SME Participation in Procurement by State-Owned Enterprises","1,215,800",Closed,"Oct. 13, 2004"
CO-M1002,Colombia,"Program to Support Clusters Competitiveness","5,980,000",Closed,"Aug. 4, 2004"
CO-M1001,Colombia,"Promotion of Youth Entrepreneurship in Colombia","2,100,000",Closed,"Jan. 21, 2004"
TC0303037,Colombia,"Merchants Chain in Aguablanca, Cali","292,000",Closed,"Dec. 10, 2003"
TC0303022,Colombia,"Entrepreneurs Opportunities in Oil Lube Recycling","510,000",Closed,"Sep. 26, 2003"
TC0204002,Colombia,"Strengthening of the Artisanal Fisheries Production Chain in Chocó","270,000",Closed,"Jul. 9, 2003"
TC0106021,Colombia,"Jewerly Sector Competitiveness Program","717,000",Closed,"Feb. 21, 2003"
TC0210074,Colombia,"Strengthening of Airport Security","835,000",Closed,"Jan. 24, 2003"
TC0106010,Colombia,"Support Business Performance through the Use of Information & Co.Technologies","1,970,000",Closed,"Aug. 7, 2002"
TC0108007,Colombia,"Promotion of Cooperative Ventures between Firms","1,829,900",Closed,"May. 1, 2002"
TC0106004,Colombia,"Business Linkages in the Garment Industry","1,850,000",Closed,"May. 1, 2002"
TC0109022,Colombia,"Strengthening Capital Markets","2,036,600",Closed,"Feb. 20, 2002"
TC0103004,Colombia,"Institutional Strengthening of Finamerica, S.A.","500,000",Closed,"Jan. 18, 2002"
CO-L1212,Colombia,"Production & Commercialization Microproducers, Tunia","240,000",Closed,"Dec. 21, 2001"
SP9912021,Colombia,"Production & Commercialization Microproducers, Tunia","195,000",Closed,"Dec. 21, 2001"
TC0111003,Colombia,"Urban Production & Neighborhood Dev. in Bogota","47,300",Closed,"Nov. 21, 2001"
TC0103005,Colombia,"Inst.strengthening Financiera Compartir","350,000",Closed,"Aug. 9, 2001"
TC0006003,Colombia,"Promotion Foreign Investment","1,500,000",Closed,"Apr. 25, 2001"
TC0005006,Colombia,"Environmental Mgm. Clean Technologies","2,371,000",Closed,"Dec. 13, 2000"
TC0003033,Colombia,"Internet Based Export Information System","3,000,000",Closed,"Dec. 6, 2000"
TC0010027,Colombia,"Potable Water Bucaramanga","1,500,000",Closed,"Nov. 29, 2000"
TC9911104,Colombia,"Agrobusiness ""uva Isabella"" Project","1,851,972",Closed,"Nov. 1, 2000"
TC9905047,Colombia,"Streamline Administrative Process Private Sector","3,100,000",Closed,"Oct. 25, 2000"
TC0003003,Colombia,"Operational Efficiency Improv: (awwb)","840,000",Closed,"Jun. 15, 2000"
TC9904001,Colombia,"Trading Co for Microentepre. Atlantico","1,570,000",Closed,"Jun. 14, 2000"
TC9904049,Colombia,"Agricultural Assistance Valle del Cauca","1,038,000",Closed,"Nov. 10, 1999"
TC9906026,Colombia,"Strengthening Small & Medium Enterprises","2,445,000",Closed,"Nov. 10, 1999"
TC9907024,Colombia,"Accounting & Fin. Homogenitation for Inr","580,000",Closed,"Sep. 17, 1999"
TC9812008,Colombia,"Support for Artesanias de Colombia s.a.","730,000",Closed,"Sep. 10, 1999"
TC9305261,Colombia,"Subsidize Health Programs","1,040,940",Closed,"May. 12, 1999"
SP9803067,Colombia,"Recycling & Environment Improvement Prog","427,000",Closed,"Apr. 6, 1999"
CO-L1210,Colombia,"Recycling & Environment Improvement Prog","420,000",Closed,"Apr. 6, 1999"
SP9803364,Colombia,"Support to Corporacion Minuto de Dios","400,000",Closed,"Dec. 14, 1998"
CO-L1211,Colombia,"Support to Corporacion Minuto de Dios","300,000",Closed,"Dec. 14, 1998"
TC9308158,Colombia,"Strengthening of Credit Union System","1,139,000",Closed,"Dec. 7, 1998"
TC9811013,Colombia,"Strengthening of Credit Union System","1,221,000",Closed,"Dec. 7, 1998"
TC9805419,Colombia,"Counseling and Tec. Assistance Serv. Mic","3,000,000",Closed,"Oct. 30, 1998"
TC9601338,Colombia,"Technical Training for Paper Industry","6,067,750",Closed,"Jun. 10, 1998"
SP9302027,Colombia,"Support to FMSD","420,000",Closed,"Nov. 20, 1996"
CO-L1207,Colombia,"Support to FMSD","500,000",Closed,"Nov. 20, 1996"
CO-L1208,Colombia,"Support to Fund.desarrollo de la Guajira","500,000",Closed,"Dec. 6, 1995"
SP9302051,Colombia,"Support to Fund.desarrollo de la Guajira","220,000",Closed,"Dec. 6, 1995"
TC9308108,Colombia,"Female Heads of Households Training Prog","5,500,000",Closed,"Nov. 27, 1995"
TC9503229,Colombia,"Strength.comision Reguladora Agua y San.","1,700,000",Closed,"Sep. 27, 1995"
SP9302019,Colombia,"Support to Fundacion Granja Taller","170,000",Closed,"Sep. 1, 1995"
CO-L1206,Colombia,"Support to Fundacion Granja Taller","450,000",Closed,"Sep. 1, 1995"
SP9302085,Colombia,"Support to Fenascol","570,000",Closed,"Aug. 1, 1995"
CO-L1209,Colombia,"Support to Fenascol","230,000",Closed,"Aug. 1, 1995"
TC9308116,Colombia,"Mediation and Arbitration Program","1,808,000",Closed,"May. 24, 1995"
TC9307043,Colombia,"Sme Productive Development Centers","7,194,547",Closed,"Apr. 18, 1995"
TC9308091,Colombia,"Studies Plans:development and Execution","1,077,675",Closed,"Jun. 29, 1994"
TC9407108,Colombia,"Enterprises Learning","1,307,180",Closed,"Jun. 29, 1994"
TC9307051,Colombia,"Streng.of Energy Regulation Commission","1,777,000",Closed,"Mar. 30, 1994"
CO0149,Colombia,"Mif WWC Medellin","750,000",Closed,"Dec. 8, 1993"
TC9310046,Colombia,"Support Fundac.mundial Mujer Bucaramanga","80,000",Closed,"Dec. 8, 1993"
CO0150,Colombia,"Mif Woman World Fundation","500,000",Closed,"Dec. 8, 1993"
TC9307499,Colombia,"Support Banco Mundial de la Mujer Cali","80,000",Closed,"Dec. 8, 1993"
TC9310054,Colombia,"Support Fund.mundial Mujer Popayan","80,000",Closed,"Dec. 8, 1993"
CO0031,Colombia,"MIF WWFCali","4,500,000",Closed,"Dec. 8, 1993"
CO0153,Colombia,"Mif Bucaramanga WWF","500,000",Closed,"Dec. 8, 1993"
TC9310020,Colombia,"Support Corporacion Mundial Mujer Bogota","80,000",Closed,"Dec. 8, 1993"
CO0147,Colombia,"MIF Woman World Corporation","750,000",Closed,"Dec. 8, 1993"
TC9310038,Colombia,"Support Corp.mundial Mujer Medellin","80,000",Closed,"Dec. 8, 1993"
SP9204447,Colombia,"Support to Cooperativa Emprender","107,000",Closed,"Oct. 16, 1992"
SP9206104,Colombia,"Support to Acción Bogotá (Region Norte)","510,000",Closed,"Oct. 16, 1992"
CO-L1204,Colombia,"Support to Corporacion Accion for Caldas","500,000",Closed,"Oct. 16, 1992"
SP9204455,Colombia,"Support Corporacion Accion for Quindio","32,000",Closed,"Oct. 16, 1992"
CO-L1201,Colombia,"Support to Corporacion Accion for Bogota","500,000",Closed,"Oct. 16, 1992"
CO-L1205,Colombia,"Support to Corporacion Accion for Tolima","500,000",Closed,"Oct. 16, 1992"
SP9204463,Colombia,"Support to Corporacion Accion for Caldas","32,000",Closed,"Oct. 16, 1992"
CO-L1202,Colombia,"Support to Cooperativa Emprender","500,000",Closed,"Oct. 16, 1992"
SP9204439,Colombia,"Support to Corporacion Accion for Bogota","167,000",Closed,"Oct. 16, 1992"
SP9204471,Colombia,"Support to Corporacion Accion for Tolima","32,000",Closed,"Oct. 16, 1992"
CO-L1203,Colombia,"Support Corporacion Accion for Quindio","500,000",Closed,"Oct. 16, 1992"
SP9007271,Colombia,"Fundacion Mundo Mujer (popayan)","103,000",Closed,"Sep. 9, 1991"
SP9007312,Colombia,"Inst. Strengt. to Corp. Mundial Mujer","103,000",Closed,"Sep. 9, 1991"
CO-L1196,Colombia,"Instit. Strengthening to Fundacion Wwb","500,000",Closed,"Sep. 9, 1991"
CO-L1200,Colombia,"Institutional Strengthening of Actuar","500,000",Closed,"Sep. 9, 1991"
SP9007289,Colombia,"Corp. Mundial de la Mujer (medellin)","103,000",Closed,"Sep. 9, 1991"
CO-L1197,Colombia,"Fund. Mundial Mujer (bucaramanga)","500,000",Closed,"Sep. 9, 1991"
SP9007297,Colombia,"Instit. Strengthening to Fundacion Wwb","103,000",Closed,"Sep. 9, 1991"
SP9103194,Colombia,"Institutional Strengthening of Actuar","103,000",Closed,"Sep. 9, 1991"
CO-L1194,Colombia,"Fundacion Mundo Mujer (popayan)","500,000",Closed,"Sep. 9, 1991"
CO-L1198,Colombia,"Inst. Strengt. to Corp. Mundial Mujer","500,000",Closed,"Sep. 9, 1991"
SP9007304,Colombia,"Fund. Mundial Mujer (bucaramanga)","103,000",Closed,"Sep. 9, 1991"
CO-L1195,Colombia,"Corp. Mundial de la Mujer (medellin)","500,000",Closed,"Sep. 9, 1991"
SP9102013,Colombia,"Small-Scale Fishing in Baru Islands","160,000",Closed,"Jun. 4, 1991"
CO-L1199,Colombia,"Small-Scale Fishing in Baru Islands","500,000",Closed,"Jun. 4, 1991"
CO-L1193,Colombia,"Promotora de Comercio Social","500,000",Closed,"Sep. 5, 1990"
SP9002362,Colombia,"Promotora de Comercio Social","91,000",Closed,"Sep. 5, 1990"
SP8904270,Colombia,"Credit and Marketing of Beans","625,000",Closed,"Dec. 20, 1989"
CO-L1192,Colombia,"Inst. Strengt. in Marketing","350,000",Closed,"Nov. 9, 1989"
SP8905434,Colombia,"Inst. Strengt. in Marketing","129,000",Closed,"Nov. 9, 1989"
SP8802010,Colombia,"Rural Development in the Cauca Valley","72,000",Closed,"Oct. 20, 1988"
CO-L1191,Colombia,"Rural Development in the Cauca Valley","500,000",Closed,"Oct. 20, 1988"
CO-L1190,Colombia,"Institutional Strengthening of Fundejur","500,000",Closed,"May. 6, 1988"
SP8701155,Colombia,"Institutional Strengthening of Fundejur","75,000",Closed,"May. 6, 1988"
SP8507488,Colombia,"Small Project Increase","325,000",Closed,"Dec. 19, 1985"
SP8507206,Colombia,"Support to Fundación de la Guajira","275,000",Closed,"Nov. 14, 1985"
SP8412140,Colombia,"Support to Antioquia Microenterprise","375,000",Closed,"Dec. 19, 1984"
SP8410136,Colombia,"Support to Fundación Carvajal","375,000",Closed,"Dec. 19, 1984"
SP8412124,Colombia,"Support Fundación Nacional Projuventud Trabajador","375,000",Closed,"Dec. 19, 1984"
SP8412132,Colombia,"Support Fundación Empresa Privada Compartir","375,000",Closed,"Dec. 19, 1984"
SP8310211,Colombia,"Fundelpa Institutional Strenghthening","161,000",Closed,"Jun. 6, 1984"
CO-L1189,Colombia,"Fundelpa Institutional Strenghthening","500,000",Closed,"Jun. 6, 1984"
SP8301012,Colombia,"Suport Corporación el Minuto de Dios","700,000",Closed,"Oct. 26, 1983"
SP8301020,Colombia,"Support Fundación Barranquilla","700,000",Closed,"Sep. 28, 1983"
SP8207038,Colombia,"Fundacion Nac. Projuventud Trabajadora","10,000",Closed,"May. 10, 1983"
CO-L1187,Colombia,"Fundacion Nac. Projuventud Trabajadora","500,000",Closed,"May. 10, 1983"
CO-L1188,Colombia,"Corporation for Cauca's Development","300,000",Closed,"Nov. 5, 1982"
SP8207046,Colombia,"Corporation for Cauca's Development","12,000",Closed,"Nov. 5, 1982"
SP8204208,Colombia,"Support Fundación Carlos Sarmiento Lora","840,000",Closed,"Nov. 5, 1982"
SP8108046,Colombia,"Corporation for Caldas Development","9,600",Closed,"Nov. 17, 1981"
CO-L1185,Colombia,"Corporation for Caldas Development","300,000",Closed,"Nov. 17, 1981"
SP8203028,Colombia,"Fundesan Institutional Strenghthening","9,600",Closed,"Nov. 16, 1981"
CO-L1186,Colombia,"Fundesan Institutional Strenghthening","500,000",Closed,"Nov. 16, 1981"
SP8106230,Colombia,"Fundacion Compartir Private Enterprise","15,000",Closed,"Aug. 20, 1981"
CO-L1184,Colombia,"Fundacion Compartir Private Enterprise","500,000",Closed,"Aug. 20, 1981"
SP8104094,Colombia,"Antioquia Microenterprise","15,000",Closed,"May. 8, 1981"
CO-L1183,Colombia,"Antioquia Microenterprise","500,000",Closed,"May. 8, 1981"
SP8009070,Colombia,"Inst.stre. of Talleres Rurales del Valle","50,000",Closed,"Oct. 24, 1980"
CO-L1182,Colombia,"Inst.stre. of Talleres Rurales del Valle","500,000",Closed,"Oct. 24, 1980"
SP7901061,Colombia,"Microindustry Credit","754,000",Closed,"Sep. 20, 1979"
SP7905013,Colombia,"Artesanias de Colombia, s.a.","15,000",Closed,"Apr. 11, 1979"
CO-L1181,Colombia,"Artesanias de Colombia, s.a.","1,016,600",Closed,"Apr. 11, 1979"
CO-L1180,Colombia,"Fedan: Unity of Financial Control","312,000",Closed,"Nov. 22, 1978"
SP7808184,Colombia,"Fedan: Unity of Financial Control","24,000",Closed,"Nov. 22, 1978"